{   
    "name": "DnDj",
    "title": "DnDj",
    "description": "A multi-featured (and system agnostic) sound mixer/controller for Foundry VTT",
    "version": "0.0.2",
    "author": "horville",

    "esmodules": [
        "./src/producer.js",
        "./src/engineer.js", 
        "./src/mixer.js", 
        "./src/linerNotes.js",
        "./src/albumCover.js",
        "./src/listener.js",
        "./src/dndj.js",
        "./src/radio.js"
        ],
    "styles": ["./css/dndj.css"],
    "packs": [],
    "socket": true,

    "minimumCoreVersion": "0.6.5",
    "compatibleCoreVersion": "0.6.5",
    "url": "https://github.com/horville-hootenkline/DnDj",
    "manifest": "https://github.com/horville-hootenkline/DnDj/module.json",
    "download": "https://github.com/horville-hootenkline/DnDj/DnDj.zip"
}